{"cameraMode":{"drawMode":0,"name":"Shaded","section":"Shading Mode"},"sceneLighting":false,"audioPlay":false,"sceneViewState":{"m_AlwaysRefresh":false,"showFog":true,"showSkybox":false,"showFlares":true,"showImageEffects":true,"showParticleSystems":true,"showVisualEffectGraphs":true,"m_FxEnabled":true},"in2DMode":false,"pivot":{"x":2.0875370502471926,"y":2.9907870292663576,"z":-3.6793739795684816},"rotation":{"x":0.1595531702041626,"y":-0.7935540676116943,"z":0.23535114526748658,"w":0.5380129218101502},"size":2.3820643424987795,"orthographic":false}